CAMPIONATO,GIRONE,GARA,DATA,ORA,SQUADRA CASA,SQUADRA OSPITE,CAMPO,TIPO,INDIRIZZO,COMUNE,LNK MAPS
UNDER 18,#,AMICHEVOLE,venerdì 02/10/2026,17:00,CYNTHIA 1920,ACADEMY CYNTHIA GENZANO,CITTA' DELL'INFIORATA,SINTEX,VIA SARDEGNA,GENZANO DI ROMA (RM),https://maps.app.goo.gl/k42YrqtFcqK8KGWBA
SERIE D CA5 FEMMINILE,A,01A,venerdì 02/10/2026,21:00,ACADEMY CYNTHIA GENZANO,POLISPORTIVA TECCHIENA,CYNTHIA TRAINING CENTER,SINTEX,"VIA MONTEGIOVE, 77",GENZANO DI ROMA (RM),https://maps.app.goo.gl/VRy5icq5XMxd2NLAA
UNDER 18,#,AMICHEVOLE,sabato 03/10/2026,15:00,REAL ARTENA,ACADEMY CYNTHIA GENZANO,COMUNALE,SINTEX,2 TRAVERSA GUGLIEMLO MARCONI,ARTENA (RM),https://maps.app.goo.gl/srWQj1wBC5LBMw1Q8
UNDER 16,#,AMICHEVOLE,sabato 03/10/2026,17:30,REAL APRILIA,ACADEMY CYNTHIA GENZANO,CIMA NUOVO PRIMAVERA,SINTEX,"VIA DELLE VALLI, 39",APRILIA (LT),https://maps.app.goo.gl/7KBhbjkgq5U8pU189
UNDER 19,#,AMICHEVOLE,sabato 03/10/2026,17:30,REAL ARTENA,ACADEMY CYNTHIA GENZANO,COMUNALE,SINTEX,2 TRAVERSA GUGLIEMLO MARCONI,ARTENA (RM),https://maps.app.goo.gl/srWQj1wBC5LBMw1Q8
UNDER 14 REGIONALI,F,01A,sabato 03/10/2026,18:30,ACADEMY CYNTHIA GENZANO,NEXT GEN LODIGIANI,CITTA' DELL'INFIORATA,SINTEX,VIA SARDEGNA,GENZANO DI ROMA (RM),https://maps.app.goo.gl/k42YrqtFcqK8KGWBA
UNDER 17,#,AMICHEVOLE,domenica 04/10/2026,10:00,VALMONTONE,ACADEMY CYNTHIA GENZANO,COMUNALE NARDECCHIA-ROSSI,SINTEX,VIA DELLA PACE,VALMONTONE (RM),https://maps.app.goo.gl/sydNbj1crw76HQwm8
PROMOZIONE,D,05A,domenica 04/10/2026,11:00,CYNTHIA 1920,ISOLA LIRI 1925,ABBATINI BRUNO,ERBA,VIA EMILIA ROMAGNA,GENZANO DI ROMA (RM),https://maps.app.goo.gl/1ZobikPADJLkVwte7
UNDER 15,#,AMICHEVOLE,domenica 04/10/2026,17:15,HELLAS BAINSIZZA,ACADEMY CYNTHIA GENZANO,BRUNO PARISOTTO,TERRA,"STRADA DEL BOSCO,39",LATINA (LT),https://maps.app.goo.gl/QEeYngvgAVqHpC3G9
UNDER 14 PROVINCIALE,#,TORNEO LEVEL UP,domenica 04/10/2026,9:00,ALBACYNTHIA,TORNEO LEVEL UP,CITTA' DELL'INFIORATA,SINTEX,VIA SARDEGNA,GENZANO DI ROMA (RM),https://maps.app.goo.gl/k42YrqtFcqK8KGWBA